"Status","Start Time","Stop Time","Duration in ms","Parent Suite","Suite","Sub Suite","Test Class","Test Method","Name","Description"
"failed","Fri Mar 03 08:57:20 CET 2023","Fri Mar 03 08:57:25 CET 2023","5261","","example ","","","","check help",""
"passed","Fri Mar 03 08:57:15 CET 2023","Fri Mar 03 08:57:20 CET 2023","4220","","example ","","","","check first book",""
"passed","Fri Mar 03 08:56:53 CET 2023","Fri Mar 03 08:56:59 CET 2023","6086","","books ","","","","bestsellers",""
"passed","Fri Mar 03 08:57:41 CET 2023","Fri Mar 03 08:57:45 CET 2023","3900","","example ","","","","bijouterie Header",""
"failed","Fri Mar 03 08:57:25 CET 2023","Fri Mar 03 08:57:30 CET 2023","5458","","example ","","","","check slider",""
"failed","Fri Mar 03 08:57:12 CET 2023","Fri Mar 03 08:57:15 CET 2023","3521","","example ","","","","displays two ms by default",""
"passed","Fri Mar 03 08:57:36 CET 2023","Fri Mar 03 08:57:39 CET 2023","3050","","example ","","","","bestsellers",""
"passed","Fri Mar 03 08:57:40 CET 2023","Fri Mar 03 08:57:41 CET 2023","1429","","example ","","","","souvenir Header",""
"passed","Fri Mar 03 08:56:59 CET 2023","Fri Mar 03 08:57:00 CET 2023","1844","","books ","","","","books list",""
"passed","Fri Mar 03 08:57:01 CET 2023","Fri Mar 03 08:57:06 CET 2023","5797","","books ","","","","autors",""
